Тестовые данные,Строковый,Токенизация,AST,Среднее значение
1,4.700446128845215,23.43928813934326,12.500834465026855,13.546856244405111
2,3.112626075744629,20.978140830993652,23.438453674316406,15.843073527018229
3,4.688024520874023,21.89028263092041,26.56536102294922,17.714556058247883
4,6.250309944152832,23.426508903503418,24.881434440612793,18.186084429423016
5,9.375715255737305,23.439407348632812,26.564431190490723,19.793184598286945
6,6.2496185302734375,21.006202697753906,15.626096725463869,14.293972651163736
7,12.501859664916992,23.439311981201172,26.564669609069824,20.835280418395996
8,3.125143051147461,26.56376361846924,34.17487144470215,21.28792603810628
