Тестовые данные,Строковый,Токенизация,AST,Среднее значение
A,100.0,100.0,100.0,100.0
B,27.88339670468948,100.0,100.0,75.9611322348965
C,21.511273613650214,100.0,100.0,73.83709120455008
D,0.0,100.0,100.0,66.66666666666667
E,83.4967320261438,73.0,98.75,85.0822440087146
F,90.41095890410956,96.0,98.48101265822787,94.96399052077915
G,73.14814814814815,70.0,96.81159420289855,79.98658078368224
H,0.0,70.0,97.10982658959539,55.70327552986513
