Тестовые данные,Строковый,Токенизация,AST,Среднее значение
A,10.938358306884766,3.1251907348632812,13.188695907592773,9.084081649780273
B,9.375715255737305,1.562643051147461,25.001907348632812,11.980088551839193
C,7.813143730163573,1.5625953674316406,26.564645767211914,11.980128288269043
D,4.687809944152832,3.1252622604370117,31.252384185791016,13.02181879679362
E,18.75145435333252,1.5626192092895508,24.827218055725098,15.047097206115723
F,12.513136863708496,1.5616416931152344,15.625286102294922,9.90002155303955
G,18.73927116394043,1.5635013580322266,25.00290870666504,15.101893742879232
H,3.1252622604370117,3.125452995300293,39.06538486480713,15.105366706848145
